debugETA8AR:debugWJYNUB,initialized,0,,1401798315048
debugETA8AR:debugWJYNUB,window_resize,0,"[1024, 726]",1401798315048
debug2Z8JER:debugAR7X6R,initialized,0,,1401798374026
debug2Z8JER:debugAR7X6R,window_resize,0,"[1024, 726]",1401798374026
debug40AWF6:debugZLML1J,initialized,0,,1401798667347
debug40AWF6:debugZLML1J,window_resize,0,"[1024, 726]",1401798667347
debugU1IUA9:debug4RP9SY,initialized,0,,1401798839144
debugU1IUA9:debug4RP9SY,window_resize,0,"[1024, 726]",1401798839144
debugSLS7KH:debugAVV1DB,initialized,0,,1401799086588
debugSLS7KH:debugAVV1DB,window_resize,0,"[1024, 726]",1401799086588
debugC67SWM:debugRGBUOT,initialized,0,,1401799272966
debugC67SWM:debugRGBUOT,window_resize,0,"[1024, 726]",1401799272966
debugDFWCZK:debugUYZCP9,initialized,0,,1401799423759
debugDFWCZK:debugUYZCP9,window_resize,0,"[1024, 726]",1401799423759
debugZP86RP:debug379SFS,initialized,0,,1401799667423
debugZP86RP:debug379SFS,window_resize,0,"[1024, 726]",1401799667423
debugQ11D60:debugY55ORB,initialized,0,,1401799872876
debugQ11D60:debugY55ORB,window_resize,0,"[1024, 726]",1401799872876
debugEIWZT0:debugNK2IRE,initialized,0,,1401800433369
debugEIWZT0:debugNK2IRE,window_resize,1,"[1024, 726]",1401800433370
debug0LVIMT:debugH0NAGT,initialized,0,,1401800529164
debug0LVIMT:debugH0NAGT,window_resize,1,"[1024, 726]",1401800529165
